"ID","Grading.Date","Expiration"
1,"2015-04-04","2016-04-03"
2,"2015-04-04","2016-04-03"
3,"2010-05-31","2011-05-31"
4,"2015-03-26","2016-03-25"
5,"2015-04-04","2016-04-03"
6,"2013-09-03","2014-09-03"
7,"2012-09-17","2013-09-17"
8,"2010-09-02","2011-09-02"
9,"2010-09-02","2011-09-02"
10,"2015-03-30","2016-03-29"
11,"2015-03-27","2016-03-26"
12,"2015-03-13","2016-03-12"
13,"2015-03-13","2016-03-12"
14,"2010-05-31","2011-05-31"
15,"2010-08-31","2011-08-31"
16,"2015-03-13","2016-03-12"
17,"2010-05-31","2011-05-31"
18,"2010-06-16","2011-06-16"
19,"2016-04-07","2017-04-07"
20,"2015-03-25","2016-03-24"
21,"2015-03-13","2016-03-12"
22,"2014-04-02","2015-04-02"
23,"2012-07-26","2013-07-26"
24,"2015-03-13","2016-03-12"
25,"2013-09-03","2014-09-03"
26,"2011-12-03","2012-12-02"
27,"2010-06-16","2011-06-16"
28,"2014-06-26","2015-06-26"
29,"2017-05-18","2018-05-18"
30,"2016-05-18","2017-05-18"
31,"2010-05-18","2011-05-18"
32,"2013-09-03","2014-09-03"
33,"2011-12-03","2012-12-02"
34,"2015-12-03","2016-12-02"
35,"2015-03-27","2016-03-26"
36,"2014-05-30","2015-05-30"
37,"2012-04-06","2013-04-06"
38,"2011-01-28","2012-01-28"
39,"2010-06-17","2011-06-17"
40,"2015-03-13","2016-03-12"
41,"2012-04-12","2013-04-12"
42,"2011-01-04","2012-01-04"
43,"2011-01-04","2012-01-04"
44,"2015-06-10","2016-06-09"
45,"2015-01-29","2016-01-29"
46,"2011-12-03","2012-12-02"
47,"2014-10-01","2015-10-01"
48,"2014-03-20","2015-03-20"
49,"2014-02-06","2015-02-06"
50,"2012-02-13","2013-02-12"
51,"2010-06-17","2011-06-17"
52,"2010-05-31","2011-05-31"
53,"2016-05-16","2017-05-16"
54,"2014-06-30","2015-06-30"
55,"2013-07-26","2014-07-26"
56,"2017-10-09","2018-10-09"
57,"2015-04-04","2016-04-03"
58,"2012-07-03","2013-07-03"
59,"2012-06-05","2013-06-05"
60,"2017-06-23","2018-06-23"
61,"2014-01-22","2015-01-22"
62,"2012-10-25","2013-10-25"
63,"2013-03-18","2014-03-18"
64,"2013-01-12","2014-01-12"
65,"2012-04-06","2013-04-06"
66,"2015-05-23","2016-05-22"
67,"2015-05-23","2016-05-22"
68,"2015-03-31","2016-03-30"
69,"2014-06-26","2015-06-26"
70,"2013-02-26","2014-02-26"
71,"2015-03-31","2016-03-30"
72,"2014-06-26","2015-06-26"
73,"2012-04-06","2013-04-06"
74,"2011-12-03","2012-12-02"
75,"2010-05-31","2011-05-31"
76,"2016-04-06","2017-04-06"
77,"2015-05-23","2016-05-22"
78,"2014-05-01","2015-05-01"
79,"2014-05-01","2015-05-01"
80,"2013-04-19","2014-04-19"
81,"2013-03-12","2014-03-12"
82,"2010-06-17","2011-06-17"
83,"2010-06-17","2011-06-17"
84,"2016-04-27","2017-04-27"
85,"2015-04-08","2016-04-07"
86,"2014-01-17","2015-01-17"
87,"2012-11-26","2013-11-26"
88,"2012-01-18","2013-01-17"
89,"2016-08-09","2017-08-09"
90,"2015-08-18","2016-08-17"
91,"2014-10-07","2015-10-07"
92,"2014-03-10","2015-03-10"
93,"2012-03-16","2013-03-16"
94,"2010-12-27","2011-12-27"
95,"2010-06-17","2011-06-17"
96,"2010-05-17","2011-05-17"
97,"2017-07-24","2018-07-24"
98,"2017-02-15","2018-02-15"
99,"2017-01-30","2018-01-30"
100,"2016-09-21","2017-09-21"
101,"2016-05-07","2017-05-07"
102,"2013-04-19","2014-04-19"
103,"2012-02-29","2013-02-28"
104,"2011-04-06","2012-04-05"
105,"2011-02-24","2012-02-24"
106,"2010-09-07","2011-09-07"
107,"2016-11-25","2017-11-25"
108,"2015-10-26","2016-10-25"
109,"2015-06-09","2016-06-08"
110,"2014-12-12","2015-12-12"
111,"2012-12-11","2013-12-11"
112,"2012-07-11","2013-07-11"
113,"2011-12-23","2012-12-22"
114,"2011-12-03","2012-12-02"
115,"2010-08-26","2011-08-26"
116,"2016-05-18","2017-05-18"
117,"2014-06-30","2015-06-30"
118,"2012-04-06","2013-04-06"
119,"2010-06-17","2011-06-17"
120,"2010-06-17","2011-06-17"
121,"2016-06-27","2017-06-27"
122,"2015-06-02","2016-06-01"
123,"2014-04-25","2015-04-25"
124,"2011-08-23","2012-08-22"
125,"2010-05-31","2011-05-31"
126,"2017-06-26","2018-06-26"
127,"2016-11-24","2017-11-24"
128,"2016-11-02","2017-11-02"
129,"2016-10-04","2017-10-04"
130,"2016-06-01","2017-06-01"
131,"2015-07-06","2016-07-05"
132,"2015-05-23","2016-05-22"
133,"2015-05-23","2016-05-22"
134,"2014-03-05","2015-03-05"
135,"2014-01-03","2015-01-03"
136,"2013-12-26","2014-12-26"
137,"2013-12-20","2014-12-20"
138,"2012-09-16","2013-09-16"
139,"2012-07-17","2013-07-17"
140,"2012-07-03","2013-07-03"
141,"2012-07-02","2013-07-02"
142,"2012-02-13","2013-02-12"
143,"2011-06-14","2012-06-13"
144,"2010-06-17","2011-06-17"
145,"2018-01-11","2019-01-11"
146,"2017-01-10","2018-01-10"
147,"2016-12-28","2017-12-28"
148,"2014-07-21","2015-07-21"
149,"2014-05-29","2015-05-29"
150,"2014-03-24","2015-03-24"
151,"2013-12-20","2014-12-20"
152,"2013-12-06","2014-12-06"
153,"2013-08-30","2014-08-30"
154,"2013-07-17","2014-07-17"
155,"2013-03-12","2014-03-12"
156,"2012-10-09","2013-10-09"
157,"2011-12-23","2012-12-22"
158,"2011-12-03","2012-12-02"
159,"2017-11-28","2018-11-28"
160,"2017-03-14","2018-03-14"
161,"2016-04-06","2017-04-06"
162,"2015-07-06","2016-07-05"
163,"2015-06-05","2016-06-04"
164,"2014-06-16","2015-06-16"
165,"2013-02-26","2014-02-26"
166,"2012-09-16","2013-09-16"
167,"2012-07-11","2013-07-11"
168,"2012-06-06","2013-06-06"
169,"2012-02-16","2013-02-15"
170,"2011-03-23","2012-03-22"
171,"2011-03-22","2012-03-21"
172,"2017-03-23","2018-03-23"
173,"2017-03-14","2018-03-14"
174,"2016-01-25","2017-01-24"
175,"2014-07-09","2015-07-09"
176,"2013-07-10","2014-07-10"
177,"2013-01-21","2014-01-21"
178,"2012-06-06","2013-06-06"
179,"2010-06-17","2011-06-17"
180,"2017-08-03","2018-08-03"
181,"2017-05-11","2018-05-11"
182,"2017-02-20","2018-02-20"
183,"2016-04-04","2017-04-04"
184,"2016-02-16","2017-02-15"
185,"2015-04-29","2016-04-28"
186,"2013-07-19","2014-07-19"
187,"2012-07-27","2013-07-27"
188,"2011-10-28","2012-10-27"
189,"2011-10-28","2012-10-27"
190,"2011-06-14","2012-06-13"
191,"2010-04-30","2011-04-30"
192,"2017-08-10","2018-08-10"
193,"2016-11-02","2017-11-02"
194,"2016-08-05","2017-08-05"
195,"2016-05-23","2017-05-23"
196,"2016-04-06","2017-04-06"
197,"2016-04-06","2017-04-06"
198,"2015-11-19","2016-11-18"
199,"2015-10-26","2016-10-25"
200,"2015-06-05","2016-06-04"
201,"2015-04-29","2016-04-28"
202,"2014-12-12","2015-12-12"
203,"2014-12-12","2015-12-12"
204,"2014-08-21","2015-08-21"
205,"2013-10-01","2014-10-01"
206,"2012-12-11","2013-12-11"
207,"2012-09-11","2013-09-11"
208,"2012-04-09","2013-04-09"
209,"2012-04-02","2013-04-02"
210,"2012-02-13","2013-02-12"
211,"2017-06-01","2018-06-01"
212,"2016-08-19","2017-08-19"
213,"2016-08-19","2017-08-19"
214,"2016-06-23","2017-06-23"
215,"2016-06-01","2017-06-01"
216,"2016-06-01","2017-06-01"
217,"2015-08-18","2016-08-17"
218,"2015-08-03","2016-08-02"
219,"2015-04-24","2016-04-23"
220,"2015-04-10","2016-04-09"
221,"2016-12-05","2018-12-17"
222,"2014-12-12","2015-12-12"
223,"2014-10-15","2015-10-15"
224,"2014-07-16","2015-07-16"
225,"2013-11-07","2014-11-07"
226,"2013-05-20","2014-05-20"
227,"2013-05-09","2014-05-09"
228,"2013-03-18","2014-03-18"
229,"2012-10-19","2013-10-19"
230,"2012-03-26","2013-03-26"
231,"2012-02-13","2013-02-12"
232,"2017-05-24","2018-05-24"
233,"2017-11-09","2018-11-09"
234,"2016-05-18","2017-05-18"
235,"2016-04-27","2017-04-27"
236,"2014-11-05","2015-11-05"
237,"2014-06-16","2015-06-16"
238,"2013-01-24","2014-01-24"
239,"2012-09-04","2013-09-04"
240,"2012-08-17","2013-08-17"
241,"2018-01-11","2019-01-11"
242,"2017-06-05","2018-06-05"
243,"2017-05-11","2018-05-11"
244,"2015-06-10","2016-06-09"
245,"2014-12-18","2015-12-18"
246,"2014-08-08","2015-08-08"
247,"2014-06-27","2015-06-27"
248,"2014-05-27","2015-05-27"
249,"2014-05-27","2015-05-27"
250,"2014-04-08","2015-04-08"
251,"2014-01-17","2015-01-17"
252,"2014-01-02","2015-01-02"
253,"2013-06-21","2014-06-21"
254,"2013-03-08","2014-03-08"
255,"2012-06-21","2013-06-21"
256,"2012-05-31","2013-05-31"
257,"2012-02-13","2013-02-12"
258,"2011-08-16","2012-08-15"
259,"2017-10-20","2018-10-20"
260,"2017-07-03","2018-07-03"
261,"2016-10-18","2017-10-18"
262,"2016-08-16","2017-08-16"
263,"2016-05-18","2017-05-18"
264,"2016-02-11","2017-02-10"
265,"2016-01-21","2017-01-20"
266,"2015-11-07","2016-11-06"
267,"2015-08-18","2016-08-17"
268,"2015-03-12","2016-03-11"
269,"2014-12-12","2015-12-12"
270,"2014-11-23","2015-11-23"
271,"2014-01-17","2015-01-17"
272,"2012-07-03","2013-07-03"
273,"2012-06-06","2013-06-06"
274,"2012-04-02","2013-04-02"
275,"2017-06-30","2018-06-30"
276,"2017-03-14","2018-03-14"
277,"2016-06-06","2017-06-06"
278,"2016-05-23","2017-05-23"
279,"2016-02-23","2017-02-22"
280,"2015-10-08","2016-10-07"
281,"2015-04-30","2016-04-29"
282,"2015-03-31","2016-03-30"
283,"2014-10-16","2015-10-16"
284,"2014-06-09","2015-06-09"
285,"2014-05-22","2015-05-22"
286,"2013-12-26","2014-12-26"
287,"2013-10-04","2014-10-04"
288,"2013-09-03","2014-09-03"
289,"2013-04-26","2014-04-26"
290,"2012-07-26","2013-07-26"
291,"2012-06-06","2013-06-06"
292,"2011-12-21","2012-12-20"
293,"2011-09-20","2012-09-19"
294,"2011-08-16","2012-08-15"
295,"2010-06-17","2011-06-17"
296,"2018-01-11","2019-01-11"
297,"2017-10-20","2018-10-20"
298,"2017-09-28","2018-09-28"
299,"2017-06-06","2018-06-06"
300,"2017-02-15","2018-02-15"
301,"2016-04-06","2017-04-06"
302,"2015-11-27","2016-11-26"
303,"2014-06-30","2015-06-30"
304,"2014-06-09","2015-06-09"
305,"2014-02-05","2015-02-05"
306,"2014-01-24","2015-01-24"
307,"2013-11-22","2014-11-22"
308,"2013-08-27","2014-08-27"
309,"2013-05-02","2014-05-02"
310,"2012-09-27","2013-09-27"
311,"2012-05-24","2013-05-24"
312,"2011-04-20","2012-04-19"
313,"2011-02-09","2012-02-09"
314,"2010-06-29","2011-06-29"
315,"2017-10-20","2018-10-20"
316,"2017-09-01","2018-09-01"
317,"2017-05-11","2018-05-11"
318,"2017-05-11","2018-05-11"
319,"2016-08-16","2017-08-16"
320,"2016-05-18","2017-05-18"
321,"2016-03-14","2017-03-14"
322,"2015-06-09","2016-06-08"
323,"2014-11-21","2015-11-21"
324,"2014-02-27","2015-02-27"
325,"2013-10-29","2014-10-29"
326,"2013-08-16","2014-08-16"
327,"2013-05-30","2014-05-30"
328,"2013-02-26","2014-02-26"
329,"2012-11-22","2013-11-22"
330,"2012-08-23","2013-08-23"
331,"2012-07-09","2013-07-09"
332,"2012-07-02","2013-07-02"
333,"2012-05-23","2013-05-23"
334,"2012-04-30","2013-04-30"
335,"2011-04-21","2012-04-20"
336,"2017-10-20","2018-10-20"
337,"2016-07-05","2017-07-05"
338,"2016-04-15","2017-04-15"
339,"2016-04-06","2017-04-06"
340,"2015-11-19","2016-11-18"
341,"2015-05-12","2016-05-11"
342,"2015-03-25","2016-03-24"
343,"2014-06-27","2015-06-27"
344,"2014-06-24","2015-06-24"
345,"2014-03-13","2015-03-13"
346,"2014-03-21","2015-03-21"
347,"2013-12-26","2014-12-26"
348,"2012-08-31","2013-08-31"
349,"2012-06-06","2013-06-06"
350,"2012-04-02","2013-04-02"
351,"2012-01-23","2013-01-22"
352,"2017-02-20","2018-02-20"
353,"2017-02-13","2018-02-13"
354,"2016-06-06","2017-06-06"
355,"2016-04-07","2017-04-07"
356,"2016-03-16","2017-03-16"
357,"2015-11-19","2016-11-18"
358,"2015-11-16","2016-11-15"
359,"2015-09-14","2016-09-13"
360,"2015-03-31","2016-03-30"
361,"2015-03-12","2016-03-11"
362,"2015-01-22","2016-01-22"
363,"2014-12-18","2015-12-18"
364,"2014-08-11","2015-08-11"
365,"2014-04-08","2015-04-08"
366,"2013-04-26","2014-04-26"
367,"2013-05-24","2014-05-24"
368,"2012-08-31","2013-08-31"
369,"2012-08-30","2013-08-30"
370,"2012-07-11","2013-07-11"
371,"2012-04-30","2013-04-30"
372,"2012-02-09","2013-02-08"
373,"2012-02-01","2013-01-31"
374,"2011-03-08","2012-03-07"
375,"2010-11-29","2011-11-29"
376,"2017-11-09","2018-11-09"
377,"2017-08-23","2018-08-23"
378,"2017-05-10","2018-05-10"
379,"2017-02-17","2018-02-17"
380,"2017-02-13","2018-02-13"
381,"2016-07-21","2017-07-21"
382,"2016-06-27","2017-06-27"
383,"2016-04-25","2017-04-25"
384,"2015-04-29","2016-04-28"
385,"2015-01-15","2016-01-15"
386,"2014-12-12","2015-12-12"
387,"2014-10-15","2015-10-15"
388,"2014-08-21","2015-08-21"
389,"2014-02-18","2015-02-18"
390,"2013-07-16","2014-07-16"
391,"2013-01-24","2014-01-24"
392,"2012-06-26","2013-06-26"
393,"2011-02-01","2012-02-01"
394,"2010-12-27","2011-12-27"
395,"2010-04-13","2011-04-13"
396,"2010-05-26","2011-05-26"
397,"2016-11-08","2017-11-08"
398,"2016-06-15","2017-06-15"
399,"2016-05-05","2017-05-05"
400,"2015-10-12","2016-10-11"
401,"2015-07-14","2016-07-13"
402,"2015-04-08","2016-04-07"
403,"2014-12-12","2015-12-12"
404,"2014-07-15","2015-07-15"
405,"2014-04-07","2015-04-07"
406,"2014-02-25","2015-02-25"
407,"2014-02-14","2015-02-14"
408,"2014-01-21","2015-01-21"
409,"2013-10-03","2014-10-03"
410,"2013-04-26","2014-04-26"
411,"2013-02-26","2014-02-26"
412,"2013-01-24","2014-01-24"
413,"2012-08-29","2013-08-29"
414,"2012-05-30","2013-05-30"
415,"2011-09-20","2012-09-19"
416,"2011-02-24","2012-02-24"
417,"2017-03-07","2018-03-07"
418,"2017-01-30","2018-01-30"
419,"2016-09-20","2017-09-20"
420,"2016-08-12","2017-08-12"
421,"2016-05-19","2017-05-19"
422,"2016-01-12","2017-01-11"
423,"2015-11-27","2016-11-26"
424,"2015-07-14","2016-07-13"
425,"2015-06-18","2016-06-17"
426,"2014-11-23","2015-11-23"
427,"2014-06-24","2015-06-24"
428,"2014-03-07","2015-03-07"
429,"2013-08-02","2014-08-02"
430,"2013-03-29","2014-03-29"
431,"2013-03-21","2014-03-21"
432,"2012-08-01","2013-08-01"
433,"2012-07-11","2013-07-11"
434,"2012-07-09","2013-07-09"
435,"2012-02-23","2013-02-22"
436,"2012-02-22","2013-02-21"
437,"2012-02-09","2013-02-08"
438,"2011-06-14","2012-06-13"
439,"2011-02-22","2012-02-22"
440,"2011-01-17","2012-01-17"
441,"2017-10-20","2018-10-20"
442,"2017-08-24","2018-08-24"
443,"2017-06-20","2018-06-20"
444,"2017-06-16","2018-06-16"
445,"2017-05-08","2018-05-08"
446,"2016-05-23","2017-05-23"
447,"2016-05-02","2017-05-02"
448,"2016-04-06","2017-04-06"
449,"2016-04-05","2017-04-05"
450,"2016-03-29","2017-03-29"
451,"2015-10-29","2016-10-28"
452,"2015-09-29","2016-09-28"
453,"2015-07-03","2016-07-02"
454,"2015-06-09","2016-06-08"
455,"2014-12-12","2015-12-12"
456,"2014-11-05","2015-11-05"
457,"2014-10-28","2015-10-28"
458,"2014-08-25","2015-08-25"
459,"2014-04-12","2015-04-12"
460,"2014-04-08","2015-04-08"
461,"2014-03-27","2015-03-27"
462,"2014-02-07","2015-02-07"
463,"2014-01-31","2015-01-31"
464,"2013-04-26","2014-04-26"
465,"2013-03-29","2014-03-29"
466,"2012-09-27","2013-09-27"
467,"2012-09-27","2013-09-27"
468,"2012-08-31","2013-08-31"
469,"2012-07-11","2013-07-11"
470,"2012-06-08","2013-06-08"
471,"2012-06-06","2013-06-06"
472,"2012-03-19","2013-03-19"
473,"2012-02-17","2013-02-16"
474,"2012-02-01","2013-01-31"
475,"2011-12-03","2012-12-02"
476,"2011-10-28","2012-10-27"
477,"2011-08-23","2012-08-22"
478,"2010-06-16","2011-06-16"
479,"2017-02-20","2018-02-20"
480,"2017-01-10","2018-01-10"
481,"2016-04-25","2017-04-25"
482,"2015-10-08","2016-10-07"
483,"2015-05-19","2016-05-18"
484,"2015-04-20","2016-04-19"
485,"2014-10-16","2015-10-16"
486,"2014-07-15","2015-07-15"
487,"2014-02-19","2015-02-19"
488,"2013-12-26","2014-12-26"
489,"2013-03-08","2014-03-08"
490,"2012-06-06","2013-06-06"
491,"2012-04-06","2013-04-06"
492,"2012-02-23","2013-02-22"
493,"2011-07-29","2012-07-28"
494,"2011-02-22","2012-02-22"
495,"2010-11-29","2011-11-29"
496,"2010-11-11","2011-11-11"
497,"2017-10-20","2018-10-20"
498,"2016-08-16","2017-08-16"
499,"2016-08-16","2017-08-16"
500,"2016-07-18","2017-07-18"
501,"2016-07-18","2017-07-18"
502,"2016-02-11","2017-02-10"
503,"2015-12-28","2016-12-27"
504,"2015-07-08","2016-07-07"
505,"2015-06-05","2016-06-04"
506,"2015-04-23","2016-04-22"
507,"2015-02-13","2016-02-13"
508,"2014-11-23","2015-11-23"
509,"2014-06-26","2015-06-26"
510,"2014-06-09","2015-06-09"
511,"2014-03-07","2015-03-07"
512,"2014-02-14","2015-02-14"
513,"2014-01-02","2015-01-02"
514,"2013-11-07","2014-11-07"
515,"2013-08-02","2014-08-02"
516,"2013-03-15","2014-03-15"
517,"2013-04-26","2014-04-26"
518,"2012-10-23","2013-10-23"
519,"2012-07-26","2013-07-26"
520,"2012-07-26","2013-07-26"
521,"2012-07-11","2013-07-11"
522,"2012-05-22","2013-05-22"
523,"2012-05-11","2013-05-11"
524,"2012-06-08","2013-06-08"
525,"2012-04-27","2013-04-27"
526,"2011-12-02","2012-12-01"
527,"2011-08-16","2012-08-15"
528,"2011-05-12","2012-05-11"
529,"2011-04-21","2012-04-20"
530,"2011-03-09","2012-03-08"
531,"2011-02-01","2012-02-01"
532,"2010-05-31","2011-05-31"
533,"2010-04-13","2011-04-13"
534,"2017-10-20","2018-10-20"
535,"2017-08-28","2018-08-28"
536,"2017-07-07","2018-07-07"
537,"2016-06-28","2017-06-28"
538,"2016-02-26","2017-02-25"
539,"2015-09-07","2016-09-06"
540,"2015-07-31","2016-07-30"
541,"2015-07-21","2016-07-20"
542,"2015-07-14","2016-07-13"
543,"2015-06-11","2016-06-10"
544,"2014-08-15","2015-08-15"
545,"2014-06-27","2015-06-27"
546,"2014-06-27","2015-06-27"
547,"2014-04-03","2015-04-03"
548,"2014-03-07","2015-03-07"
549,"2013-12-27","2014-12-27"
550,"2013-09-13","2014-09-13"
551,"2013-03-20","2014-03-20"
552,"2013-03-11","2014-03-11"
553,"2013-01-22","2014-01-22"
554,"2012-07-26","2013-07-26"
555,"2012-07-20","2013-07-20"
556,"2012-03-05","2013-03-05"
557,"2012-02-23","2013-02-22"
558,"2011-07-19","2012-07-18"
559,"2010-04-13","2011-04-13"
560,"2017-10-13","2018-10-13"
561,"2017-06-22","2018-06-22"
562,"2017-02-06","2018-02-06"
563,"2016-04-08","2017-04-08"
564,"2016-03-25","2017-03-25"
565,"2016-01-19","2017-01-18"
566,"2015-07-20","2016-07-19"
567,"2015-05-26","2016-05-25"
568,"2015-03-21","2016-03-20"
569,"2015-02-20","2016-02-20"
570,"2014-03-24","2015-03-24"
571,"2014-01-20","2015-01-20"
572,"2013-05-10","2014-05-10"
573,"2013-04-19","2014-04-19"
574,"2012-08-30","2013-08-30"
575,"2012-07-11","2013-07-11"
576,"2012-07-09","2013-07-09"
577,"2012-06-06","2013-06-06"
578,"2011-08-23","2012-08-22"
579,"2018-01-09","2019-01-09"
580,"2017-10-17","2018-10-17"
581,"2017-09-19","2018-09-19"
582,"2017-09-08","2018-09-08"
583,"2017-08-22","2018-08-22"
584,"2017-08-08","2018-08-08"
585,"2017-06-01","2018-06-01"
586,"2017-06-01","2018-06-01"
587,"2017-05-08","2018-05-08"
588,"2017-04-28","2018-04-28"
589,"2017-04-06","2018-04-06"
590,"2016-04-25","2017-04-25"
591,"2016-04-06","2017-04-06"
592,"2016-04-05","2017-04-05"
593,"2014-11-07","2015-11-07"
594,"2014-11-04","2015-11-04"
595,"2014-06-16","2015-06-16"
596,"2014-05-27","2015-05-27"
597,"2014-02-05","2015-02-05"
598,"2014-02-04","2015-02-04"
599,"2014-01-21","2015-01-21"
600,"2013-03-29","2014-03-29"
601,"2012-07-11","2013-07-11"
602,"2012-06-06","2013-06-06"
603,"2012-04-11","2013-04-11"
604,"2012-03-05","2013-03-05"
605,"2012-02-23","2013-02-22"
606,"2012-02-23","2013-02-22"
607,"2010-06-29","2011-06-29"
608,"2017-10-20","2018-10-20"
609,"2016-08-16","2017-08-16"
610,"2016-06-02","2017-06-02"
611,"2016-03-29","2017-03-29"
612,"2016-02-25","2017-02-24"
613,"2015-11-03","2016-11-02"
614,"2015-10-08","2016-10-07"
615,"2015-01-15","2016-01-15"
616,"2014-12-18","2015-12-18"
617,"2014-12-15","2015-12-15"
618,"2014-11-23","2015-11-23"
619,"2014-08-15","2015-08-15"
620,"2014-06-25","2015-06-25"
621,"2013-12-26","2014-12-26"
622,"2013-09-03","2014-09-03"
623,"2013-01-22","2014-01-22"
624,"2012-08-17","2013-08-17"
625,"2012-07-17","2013-07-17"
626,"2012-06-13","2013-06-13"
627,"2012-06-06","2013-06-06"
628,"2012-06-06","2013-06-06"
629,"2016-12-05","2017-07-07"
630,"2011-09-20","2012-09-19"
631,"2011-04-06","2012-04-05"
632,"2011-02-09","2012-02-09"
633,"2010-09-03","2011-09-03"
634,"2017-09-08","2018-09-08"
635,"2017-08-22","2018-08-22"
636,"2017-04-19","2018-04-19"
637,"2017-02-13","2018-02-13"
638,"2015-12-28","2016-12-27"
639,"2015-09-15","2016-09-14"
640,"2015-06-09","2016-06-08"
641,"2015-02-15","2016-02-15"
642,"2014-12-12","2015-12-12"
643,"2014-06-30","2015-06-30"
644,"2014-05-09","2015-05-09"
645,"2014-04-18","2015-04-18"
646,"2013-12-10","2014-12-10"
647,"2013-04-16","2014-04-16"
648,"2012-10-09","2013-10-09"
649,"2013-02-27","2014-02-27"
650,"2012-09-04","2013-09-04"
651,"2016-12-05","2017-07-07"
652,"2012-06-13","2013-06-13"
653,"2011-10-28","2012-10-27"
654,"2017-10-20","2018-10-20"
655,"2017-09-04","2018-09-04"
656,"2017-06-03","2018-06-03"
657,"2016-03-16","2017-03-16"
658,"2015-06-09","2016-06-08"
659,"2015-02-15","2016-02-15"
660,"2014-12-18","2015-12-18"
661,"2014-12-12","2015-12-12"
662,"2014-04-14","2015-04-14"
663,"2014-01-14","2015-01-14"
664,"2013-05-30","2014-05-30"
665,"2013-05-07","2014-05-07"
666,"2013-02-26","2014-02-26"
667,"2012-09-27","2013-09-27"
668,"2012-07-26","2013-07-26"
669,"2012-06-07","2013-06-07"
670,"2012-03-26","2013-03-26"
671,"2012-03-16","2013-03-16"
672,"2012-03-05","2013-03-05"
673,"2012-02-23","2013-02-22"
674,"2010-07-23","2011-07-23"
675,"2017-09-27","2018-09-27"
676,"2017-09-08","2018-09-08"
677,"2017-06-01","2018-06-01"
678,"2017-06-01","2018-06-01"
679,"2017-01-20","2018-01-20"
680,"2016-08-05","2017-08-05"
681,"2016-04-06","2017-04-06"
682,"2016-01-12","2017-01-11"
683,"2015-11-16","2016-11-15"
684,"2015-10-08","2016-10-07"
685,"2014-12-18","2015-12-18"
686,"2014-08-14","2015-08-14"
687,"2014-05-08","2015-05-08"
688,"2014-01-21","2015-01-21"
689,"2013-12-30","2014-12-30"
690,"2013-12-12","2014-12-12"
691,"2013-12-10","2014-12-10"
692,"2013-05-31","2014-05-31"
693,"2013-03-29","2014-03-29"
694,"2012-09-11","2013-09-11"
695,"2012-09-10","2013-09-10"
696,"2012-08-31","2013-08-31"
697,"2012-07-25","2013-07-25"
698,"2012-07-11","2013-07-11"
699,"2012-07-03","2013-07-03"
700,"2012-06-06","2013-06-06"
701,"2012-04-09","2013-04-09"
702,"2012-01-31","2013-01-30"
703,"2012-01-23","2013-01-22"
704,"2011-12-22","2012-12-21"
705,"2011-09-22","2012-09-21"
706,"2017-04-06","2018-04-06"
707,"2017-02-09","2018-02-09"
708,"2016-10-13","2017-10-13"
709,"2016-08-16","2017-08-16"
710,"2016-07-15","2017-07-15"
711,"2016-05-17","2017-05-17"
712,"2016-04-05","2017-04-05"
713,"2015-10-08","2016-10-07"
714,"2015-04-20","2016-04-19"
715,"2015-03-10","2016-03-09"
716,"2014-11-04","2015-11-04"
717,"2014-10-15","2015-10-15"
718,"2014-06-10","2015-06-10"
719,"2014-04-02","2015-04-02"
720,"2014-01-21","2015-01-21"
721,"2013-12-26","2014-12-26"
722,"2013-12-26","2014-12-26"
723,"2013-07-16","2014-07-16"
724,"2013-06-21","2014-06-21"
725,"2013-03-15","2014-03-15"
726,"2012-10-09","2013-10-09"
727,"2012-10-05","2013-10-05"
728,"2012-09-27","2013-09-27"
729,"2012-08-31","2013-08-31"
730,"2012-05-23","2013-05-23"
731,"2012-04-11","2013-04-11"
732,"2012-03-05","2013-03-05"
733,"2012-02-17","2013-02-16"
734,"2012-01-31","2013-01-30"
735,"2017-11-15","2018-11-15"
736,"2017-02-13","2018-02-13"
737,"2016-08-31","2017-08-31"
738,"2015-10-08","2016-10-07"
739,"2015-07-08","2016-07-07"
740,"2015-04-15","2016-04-14"
741,"2014-11-04","2015-11-04"
742,"2014-10-16","2015-10-16"
743,"2013-12-26","2014-12-26"
744,"2013-07-19","2014-07-19"
745,"2013-05-03","2014-05-03"
746,"2012-09-27","2013-09-27"
747,"2012-09-19","2013-09-19"
748,"2012-08-31","2013-08-31"
749,"2012-08-30","2013-08-30"
750,"2012-08-21","2013-08-21"
751,"2012-07-11","2013-07-11"
752,"2012-04-02","2013-04-02"
753,"2012-02-22","2013-02-21"
754,"2012-02-09","2013-02-08"
755,"2012-01-23","2013-01-22"
756,"2011-03-01","2012-02-29"
757,"2016-08-16","2017-08-16"
758,"2016-06-09","2017-06-09"
759,"2016-03-15","2017-03-15"
760,"2015-11-16","2016-11-15"
761,"2015-10-20","2016-10-19"
762,"2015-10-08","2016-10-07"
763,"2015-06-09","2016-06-08"
764,"2015-04-15","2016-04-14"
765,"2015-03-21","2016-03-20"
766,"2015-01-15","2016-01-15"
767,"2014-12-15","2015-12-15"
768,"2014-07-15","2015-07-15"
769,"2014-04-10","2015-04-10"
770,"2013-12-26","2014-12-26"
771,"2013-05-29","2014-05-29"
772,"2013-03-20","2014-03-20"
773,"2012-09-27","2013-09-27"
774,"2012-08-02","2013-08-02"
775,"2012-07-11","2013-07-11"
776,"2012-07-02","2013-07-02"
777,"2011-02-09","2012-02-09"
778,"2017-08-03","2018-08-03"
779,"2017-02-20","2018-02-20"
780,"2016-08-16","2017-08-16"
781,"2015-10-08","2016-10-07"
782,"2015-04-10","2016-04-09"
783,"2015-03-25","2016-03-24"
784,"2015-01-08","2016-01-08"
785,"2014-09-12","2015-09-12"
786,"2014-03-21","2015-03-21"
787,"2012-11-26","2013-11-26"
788,"2012-09-10","2013-09-10"
789,"2012-08-30","2013-08-30"
790,"2012-07-26","2013-07-26"
791,"2012-07-23","2013-07-23"
792,"2012-07-11","2013-07-11"
793,"2012-02-23","2013-02-22"
794,"2011-04-18","2012-04-17"
795,"2017-06-01","2018-06-01"
796,"2017-04-06","2018-04-06"
797,"2016-08-16","2017-08-16"
798,"2015-11-16","2016-11-15"
799,"2015-11-05","2016-11-04"
800,"2014-12-18","2015-12-18"
801,"2014-10-31","2015-10-31"
802,"2014-07-22","2015-07-22"
803,"2014-06-20","2015-06-20"
804,"2014-06-09","2015-06-09"
805,"2014-04-30","2015-04-30"
806,"2013-09-13","2014-09-13"
807,"2013-06-03","2014-06-03"
808,"2013-05-21","2014-05-21"
809,"2012-07-11","2013-07-11"
810,"2012-06-04","2013-06-04"
811,"2012-04-11","2013-04-11"
812,"2012-03-26","2013-03-26"
813,"2012-02-17","2013-02-16"
814,"2012-02-01","2013-01-31"
815,"2011-07-29","2012-07-28"
816,"2017-08-22","2018-08-22"
817,"2017-06-22","2018-06-22"
818,"2017-06-01","2018-06-01"
819,"2016-10-26","2017-10-26"
820,"2015-05-05","2016-05-04"
821,"2015-04-20","2016-04-19"
822,"2015-01-06","2016-01-06"
823,"2014-07-29","2015-07-29"
824,"2014-06-20","2015-06-20"
825,"2014-01-17","2015-01-17"
826,"2013-12-26","2014-12-26"
827,"2013-03-29","2014-03-29"
828,"2012-09-27","2013-09-27"
829,"2012-09-27","2013-09-27"
830,"2012-07-11","2013-07-11"
831,"2012-07-11","2013-07-11"
832,"2012-02-29","2013-02-28"
833,"2011-02-01","2012-02-01"
834,"2017-08-22","2018-08-22"
835,"2017-02-13","2018-02-13"
836,"2017-01-20","2018-01-20"
837,"2017-01-19","2018-01-19"
838,"2016-08-02","2017-08-02"
839,"2015-10-08","2016-10-07"
840,"2015-10-08","2016-10-07"
841,"2015-07-17","2016-07-16"
842,"2015-06-25","2016-06-24"
843,"2015-05-12","2016-05-11"
844,"2015-05-07","2016-05-06"
845,"2015-04-30","2016-04-29"
846,"2015-03-21","2016-03-20"
847,"2014-10-31","2015-10-31"
848,"2014-10-15","2015-10-15"
849,"2014-05-16","2015-05-16"
850,"2014-04-26","2015-04-26"
851,"2013-07-19","2014-07-19"
852,"2013-03-06","2014-03-06"
853,"2013-03-02","2014-03-02"
854,"2013-02-26","2014-02-26"
855,"2012-08-31","2013-08-31"
856,"2012-07-11","2013-07-11"
857,"2011-10-28","2012-10-27"
858,"2011-06-14","2012-06-13"
859,"2010-05-24","2011-05-24"
860,"2017-06-22","2018-06-22"
861,"2015-12-21","2016-12-20"
862,"2015-01-08","2016-01-08"
863,"2014-08-25","2015-08-25"
864,"2012-09-27","2013-09-27"
865,"2012-09-10","2013-09-10"
866,"2012-09-04","2013-09-04"
867,"2012-08-30","2013-08-30"
868,"2012-06-06","2013-06-06"
869,"2011-12-22","2012-12-21"
870,"2011-10-04","2012-10-03"
871,"2017-10-20","2018-10-20"
872,"2017-08-22","2018-08-22"
873,"2017-06-05","2018-06-05"
874,"2016-05-02","2017-05-02"
875,"2016-04-27","2017-04-27"
876,"2016-03-11","2017-03-11"
877,"2016-01-21","2017-01-20"
878,"2015-10-08","2016-10-07"
879,"2015-01-02","2016-01-02"
880,"2014-12-15","2015-12-15"
881,"2014-10-16","2015-10-16"
882,"2014-05-23","2015-05-23"
883,"2014-05-16","2015-05-16"
884,"2014-04-26","2015-04-26"
885,"2014-04-02","2015-04-02"
886,"2013-12-26","2014-12-26"
887,"2013-12-26","2014-12-26"
888,"2013-03-29","2014-03-29"
889,"2012-10-05","2013-10-05"
890,"2012-09-11","2013-09-11"
891,"2012-08-30","2013-08-30"
892,"2012-07-27","2013-07-27"
893,"2012-04-02","2013-04-02"
894,"2012-02-29","2013-02-28"
895,"2012-02-08","2013-02-07"
896,"2018-01-19","2019-01-19"
897,"2017-06-01","2018-06-01"
898,"2016-07-15","2017-07-15"
899,"2015-02-03","2016-02-03"
900,"2014-12-18","2015-12-18"
901,"2014-10-31","2015-10-31"
902,"2014-08-25","2015-08-25"
903,"2013-11-06","2014-11-06"
904,"2013-07-16","2014-07-16"
905,"2013-03-29","2014-03-29"
906,"2012-06-06","2013-06-06"
907,"2012-06-06","2013-06-06"
908,"2011-11-16","2012-11-15"
909,"2011-08-16","2012-08-15"
910,"2011-06-14","2012-06-13"
911,"2017-08-23","2018-08-23"
912,"2017-06-20","2018-06-20"
913,"2017-06-03","2018-06-03"
914,"2017-06-01","2018-06-01"
915,"2015-09-17","2016-09-16"
916,"2015-07-17","2016-07-16"
917,"2015-01-07","2016-01-07"
918,"2014-11-04","2015-11-04"
919,"2014-09-23","2015-09-23"
920,"2016-12-05","2017-07-07"
921,"2014-07-29","2015-07-29"
922,"2014-05-05","2015-05-05"
923,"2013-12-26","2014-12-26"
924,"2013-03-11","2014-03-11"
925,"2012-08-30","2013-08-30"
926,"2012-08-29","2013-08-29"
927,"2012-08-01","2013-08-01"
928,"2012-07-26","2013-07-26"
929,"2012-07-26","2013-07-26"
930,"2012-05-24","2013-05-24"
931,"2012-04-12","2013-04-12"
932,"2012-01-25","2013-01-24"
933,"2011-09-07","2012-09-06"
934,"2010-06-29","2011-06-29"
935,"2017-05-12","2018-05-12"
936,"2016-03-17","2017-03-17"
937,"2015-12-03","2016-12-02"
938,"2015-05-12","2016-05-11"
939,"2014-11-23","2015-11-23"
940,"2014-11-04","2015-11-04"
941,"2014-10-17","2015-10-17"
942,"2014-05-26","2015-05-26"
943,"2014-05-01","2015-05-01"
944,"2014-02-27","2015-02-27"
945,"2013-10-07","2014-10-07"
946,"2012-09-27","2013-09-27"
947,"2012-06-06","2013-06-06"
948,"2011-11-11","2012-11-10"
949,"2011-02-22","2012-02-22"
950,"2010-05-24","2011-05-24"
951,"2016-11-08","2017-11-08"
952,"2016-06-09","2017-06-09"
953,"2016-02-25","2017-02-24"
954,"2015-11-20","2016-11-19"
955,"2015-05-22","2016-05-21"
956,"2014-12-16","2015-12-16"
957,"2014-11-13","2015-11-13"
958,"2014-11-04","2015-11-04"
959,"2014-01-22","2015-01-22"
960,"2012-08-30","2013-08-30"
961,"2012-07-11","2013-07-11"
962,"2016-12-05","2017-07-07"
963,"2016-05-18","2017-05-18"
964,"2015-10-08","2016-10-07"
965,"2015-07-06","2016-07-05"
966,"2015-05-12","2016-05-11"
967,"2015-03-21","2016-03-20"
968,"2014-12-17","2015-12-17"
969,"2013-12-26","2014-12-26"
970,"2013-03-04","2014-03-04"
971,"2012-07-26","2013-07-26"
972,"2017-03-08","2018-03-08"
973,"2015-11-16","2016-11-15"
974,"2015-06-25","2016-06-24"
975,"2015-05-22","2016-05-21"
976,"2015-03-11","2016-03-10"
977,"2015-02-15","2016-02-15"
978,"2015-01-08","2016-01-08"
979,"2014-12-17","2015-12-17"
980,"2014-11-04","2015-11-04"
981,"2014-05-09","2015-05-09"
982,"2014-02-04","2015-02-04"
983,"2012-08-30","2013-08-30"
984,"2012-08-20","2013-08-20"
985,"2012-01-23","2013-01-22"
986,"2011-09-22","2012-09-21"
987,"2017-07-14","2018-07-14"
988,"2017-06-21","2018-06-21"
989,"2015-03-28","2016-03-27"
990,"2015-03-04","2016-03-03"
991,"2015-01-02","2016-01-02"
992,"2014-12-18","2015-12-18"
993,"2014-05-28","2015-05-28"
994,"2012-09-14","2013-09-14"
995,"2012-09-04","2013-09-04"
996,"2012-08-30","2013-08-30"
997,"2012-07-03","2013-07-03"
998,"2012-02-13","2013-02-12"
999,"2018-01-16","2019-01-16"
1000,"2017-08-28","2018-08-28"
1001,"2016-09-09","2017-09-09"
1002,"2016-08-02","2017-08-02"
1003,"2016-07-22","2017-07-22"
1004,"2015-07-23","2016-07-22"
1005,"2015-05-06","2016-05-05"
1006,"2015-01-26","2016-01-26"
1007,"2015-01-15","2016-01-15"
1008,"2014-12-15","2015-12-15"
1009,"2014-06-30","2015-06-30"
1010,"2013-12-26","2014-12-26"
1011,"2013-05-29","2014-05-29"
1012,"2012-09-11","2013-09-11"
1013,"2012-07-03","2013-07-03"
1014,"2017-12-08","2018-12-08"
1015,"2017-08-23","2018-08-23"
1016,"2017-07-07","2018-07-07"
1017,"2017-05-12","2018-05-12"
1018,"2015-07-17","2016-07-16"
1019,"2015-01-13","2016-01-13"
1020,"2014-12-18","2015-12-18"
1021,"2014-12-16","2015-12-16"
1022,"2014-11-23","2015-11-23"
1023,"2014-10-16","2015-10-16"
1024,"2014-07-16","2015-07-16"
1025,"2014-06-10","2015-06-10"
1026,"2013-12-26","2014-12-26"
1027,"2013-12-26","2014-12-26"
1028,"2013-12-26","2014-12-26"
1029,"2012-07-11","2013-07-11"
1030,"2010-04-13","2011-04-13"
1031,"2017-06-22","2018-06-22"
1032,"2014-05-26","2015-05-26"
1033,"2012-08-30","2013-08-30"
1034,"2012-08-29","2013-08-29"
1035,"2012-07-03","2013-07-03"
1036,"2012-02-23","2013-02-22"
1037,"2011-01-25","2012-01-25"
1038,"2015-10-08","2016-10-07"
1039,"2015-07-17","2016-07-16"
1040,"2015-06-18","2016-06-17"
1041,"2015-05-28","2016-05-27"
1042,"2015-05-25","2016-05-24"
1043,"2015-05-23","2016-05-22"
1044,"2015-05-22","2016-05-21"
1045,"2015-03-11","2016-03-10"
1046,"2014-04-11","2015-04-11"
1047,"2012-09-04","2013-09-04"
1048,"2012-05-22","2013-05-22"
1049,"2011-12-21","2012-12-20"
1050,"2016-08-12","2017-08-12"
1051,"2015-11-10","2016-11-09"
1052,"2015-10-23","2016-10-22"
1053,"2015-02-27","2016-02-27"
1054,"2014-11-04","2015-11-04"
1055,"2014-10-23","2015-10-23"
1056,"2014-04-14","2015-04-14"
1057,"2013-06-05","2014-06-05"
1058,"2012-01-25","2013-01-24"
1059,"2012-01-25","2013-01-24"
1060,"2011-03-15","2012-03-14"
1061,"2016-03-11","2017-03-11"
1062,"2016-02-26","2017-02-25"
1063,"2015-01-06","2016-01-06"
1064,"2014-10-17","2015-10-17"
1065,"2014-04-30","2015-04-30"
1066,"2014-01-28","2015-01-28"
1067,"2011-05-04","2012-05-03"
1068,"2011-03-15","2012-03-14"
1069,"2017-12-08","2018-12-08"
1070,"2017-09-08","2018-09-08"
1071,"2017-08-23","2018-08-23"
1072,"2016-02-11","2017-02-10"
1073,"2015-11-17","2016-11-16"
1074,"2015-07-17","2016-07-16"
1075,"2014-04-23","2015-04-23"
1076,"2014-04-17","2015-04-17"
1077,"2014-02-04","2015-02-04"
1078,"2013-02-13","2014-02-13"
1079,"2012-09-17","2013-09-17"
1080,"2016-02-03","2017-02-02"
1081,"2014-11-23","2015-11-23"
1082,"2014-04-26","2015-04-26"
1083,"2014-01-17","2015-01-17"
1084,"2016-12-05","2017-07-07"
1085,"2012-09-04","2013-09-04"
1086,"2012-08-30","2013-08-30"
1087,"2016-01-22","2017-01-21"
1088,"2015-11-16","2016-11-15"
1089,"2014-12-18","2015-12-18"
1090,"2013-12-26","2014-12-26"
1091,"2013-06-06","2014-06-06"
1092,"2012-08-30","2013-08-30"
1093,"2012-02-08","2013-02-07"
1094,"2010-06-17","2011-06-17"
1095,"2017-11-03","2018-11-03"
1096,"2017-04-06","2018-04-06"
1097,"2016-04-26","2017-04-26"
1098,"2015-08-27","2016-08-26"
1099,"2015-07-17","2016-07-16"
1100,"2015-02-20","2016-02-20"
1101,"2014-03-03","2015-03-03"
1102,"2014-01-08","2015-01-08"
1103,"2013-12-26","2014-12-26"
1104,"2013-01-09","2014-01-09"
1105,"2012-09-27","2013-09-27"
1106,"2017-05-09","2018-05-09"
1107,"2015-04-24","2016-04-23"
1108,"2015-01-26","2016-01-26"
1109,"2013-08-07","2014-08-07"
1110,"2012-10-09","2013-10-09"
1111,"2012-09-13","2013-09-13"
1112,"2012-09-10","2013-09-10"
1113,"2012-05-24","2013-05-24"
1114,"2011-09-22","2012-09-21"
1115,"2017-11-29","2018-11-29"
1116,"2014-11-23","2015-11-23"
1117,"2014-02-25","2015-02-25"
1118,"2013-12-26","2014-12-26"
1119,"2013-12-26","2014-12-26"
1120,"2013-12-26","2014-12-26"
1121,"2012-09-14","2013-09-14"
1122,"2012-08-30","2013-08-30"
1123,"2017-06-13","2018-06-13"
1124,"2015-07-17","2016-07-16"
1125,"2014-05-01","2015-05-01"
1126,"2013-12-26","2014-12-26"
1127,"2013-05-29","2014-05-29"
1128,"2012-09-10","2013-09-10"
1129,"2012-09-04","2013-09-04"
1130,"2010-06-17","2011-06-17"
1131,"2015-04-23","2016-04-22"
1132,"2014-05-12","2015-05-12"
1133,"2013-03-29","2014-03-29"
1134,"2012-09-11","2013-09-11"
1135,"2012-08-30","2013-08-30"
1136,"2012-07-26","2013-07-26"
1137,"2012-07-11","2013-07-11"
1138,"2012-07-11","2013-07-11"
1139,"2011-09-22","2012-09-21"
1140,"2017-08-25","2018-08-25"
1141,"2017-08-22","2018-08-22"
1142,"2015-03-30","2016-03-29"
1143,"2012-07-11","2013-07-11"
1144,"2012-04-05","2013-04-05"
1145,"2017-06-22","2018-06-22"
1146,"2015-03-21","2016-03-20"
1147,"2014-07-28","2015-07-28"
1148,"2014-06-16","2015-06-16"
1149,"2014-01-23","2015-01-23"
1150,"2013-09-23","2014-09-23"
1151,"2013-03-29","2014-03-29"
1152,"2013-03-29","2014-03-29"
1153,"2013-03-29","2014-03-29"
1154,"2012-09-14","2013-09-14"
1155,"2012-09-04","2013-09-04"
1156,"2012-07-23","2013-07-23"
1157,"2012-06-06","2013-06-06"
1158,"2017-06-22","2018-06-22"
1159,"2017-03-23","2018-03-23"
1160,"2014-06-16","2015-06-16"
1161,"2013-06-27","2014-06-27"
1162,"2013-03-29","2014-03-29"
1163,"2012-09-27","2013-09-27"
1164,"2012-06-04","2013-06-04"
1165,"2010-04-09","2011-04-09"
1166,"2012-09-17","2013-09-17"
1167,"2012-08-30","2013-08-30"
1168,"2011-02-09","2012-02-09"
1169,"2011-01-13","2012-01-13"
1170,"2015-07-06","2016-07-05"
1171,"2015-05-23","2016-05-22"
1172,"2013-06-21","2014-06-21"
1173,"2012-08-01","2013-08-01"
1174,"2012-07-11","2013-07-11"
1175,"2014-05-13","2015-05-13"
1176,"2014-03-31","2015-03-31"
1177,"2012-09-11","2013-09-11"
1178,"2017-06-06","2018-06-06"
1179,"2014-01-08","2015-01-08"
1180,"2012-09-17","2013-09-17"
1181,"2012-09-10","2013-09-10"
1182,"2012-01-13","2013-01-12"
1183,"2014-11-07","2015-11-07"
1184,"2012-09-10","2013-09-10"
1185,"2017-08-22","2018-08-22"
1186,"2017-07-27","2018-07-27"
1187,"2016-05-23","2017-05-23"
1188,"2015-06-30","2016-06-29"
1189,"2013-12-10","2014-12-10"
1190,"2012-09-13","2013-09-13"
1191,"2012-08-30","2013-08-30"
1192,"2010-04-09","2011-04-09"
1193,"2017-08-23","2018-08-23"
1194,"2014-06-09","2015-06-09"
1195,"2012-09-13","2013-09-13"
1196,"2012-09-12","2013-09-12"
1197,"2012-07-03","2013-07-03"
1198,"2011-03-01","2012-02-29"
1199,"2014-09-11","2015-09-11"
1200,"2014-04-26","2015-04-26"
1201,"2013-01-08","2014-01-08"
1202,"2012-09-17","2013-09-17"
1203,"2012-09-12","2013-09-12"
1204,"2012-08-30","2013-08-30"
1205,"2013-03-12","2014-03-12"
1206,"2012-09-17","2013-09-17"
1207,"2017-05-22","2018-05-22"
1208,"2014-01-17","2015-01-17"
1209,"2013-07-05","2014-07-05"
1210,"2012-08-01","2013-08-01"
1211,"2012-07-16","2013-07-16"
1212,"2012-06-06","2013-06-06"
1213,"2014-04-26","2015-04-26"
1214,"2012-09-17","2013-09-17"
1215,"2016-02-17","2017-02-16"
1216,"2015-03-28","2016-03-27"
1217,"2014-09-04","2015-09-04"
1218,"2014-07-22","2015-07-22"
1219,"2012-07-26","2013-07-26"
1220,"2012-07-02","2013-07-02"
1221,"2011-06-21","2012-06-20"
1222,"2014-04-26","2015-04-26"
1223,"2012-09-14","2013-09-14"
1224,"2012-07-26","2013-07-26"
1225,"2014-12-16","2015-12-16"
1226,"2012-09-14","2013-09-14"
1227,"2014-03-19","2015-03-19"
1228,"2014-02-27","2015-02-27"
1229,"2013-02-07","2014-02-07"
1230,"2012-09-11","2013-09-11"
1231,"2012-01-13","2013-01-12"
1232,"2015-01-20","2016-01-20"
1233,"2012-05-24","2013-05-24"
1234,"2017-07-18","2018-07-18"
1235,"2012-07-11","2013-07-11"
1236,"2017-06-06","2018-06-06"
1237,"2014-05-15","2015-05-15"
1238,"2014-03-18","2015-03-18"
1239,"2014-02-07","2015-02-07"
1240,"2013-09-05","2014-09-05"
1241,"2013-04-29","2014-04-29"
1242,"2012-09-11","2013-09-11"
1243,"2011-12-01","2012-11-30"
1244,"2015-02-03","2016-02-03"
1245,"2012-07-26","2013-07-26"
1246,"2012-01-13","2013-01-12"
1247,"2016-02-29","2017-02-28"
1248,"2014-08-25","2015-08-25"
1249,"2013-02-07","2014-02-07"
1250,"2013-05-29","2014-05-29"
1251,"2013-05-03","2014-05-03"
1252,"2012-09-17","2013-09-17"
1253,"2013-01-29","2014-01-29"
1254,"2017-10-20","2018-10-20"
1255,"2014-04-08","2015-04-08"
1256,"2012-09-13","2013-09-13"
1257,"2014-05-05","2015-05-05"
1258,"2014-01-27","2015-01-27"
1259,"2012-09-11","2013-09-11"
1260,"2015-06-16","2016-06-15"
1261,"2017-01-16","2018-01-16"
1262,"2010-04-09","2011-04-09"
1263,"2012-01-03","2013-01-02"
1264,"2012-07-26","2013-07-26"
1265,"2012-04-30","2013-04-30"
1266,"2012-01-03","2013-01-02"
1267,"2014-03-18","2015-03-18"
1268,"2014-01-20","2015-01-20"
1269,"2012-09-17","2013-09-17"
1270,"2012-01-18","2013-01-17"
1271,"2012-09-10","2013-09-10"
1272,"2014-05-15","2015-05-15"
1273,"2013-05-14","2014-05-14"
1274,"2017-10-27","2018-10-27"
1275,"2012-07-09","2013-07-09"
1276,"2012-01-06","2013-01-05"
1277,"2012-09-12","2013-09-12"
1278,"2012-09-12","2013-09-12"
1279,"2012-06-06","2013-06-06"
1280,"2012-03-05","2013-03-05"
1281,"2012-07-11","2013-07-11"
1282,"2012-09-13","2013-09-13"
1283,"2012-08-01","2013-08-01"
1284,"2012-01-09","2013-01-08"
1285,"2016-12-05","2017-07-07"
1286,"2013-03-29","2014-03-29"
1287,"2014-03-13","2015-03-13"
1288,"2013-06-06","2014-06-06"
1289,"2012-09-10","2013-09-10"
1290,"2012-09-17","2013-09-17"
1291,"2012-08-01","2013-08-01"
1292,"2012-04-06","2013-04-06"
1293,"2015-12-28","2016-12-27"
1294,"2014-04-26","2015-04-26"
1295,"2014-05-08","2015-05-08"
1296,"2014-03-03","2015-03-03"
1297,"2014-03-10","2015-03-10"
1298,"2016-12-05","2017-07-07"
1299,"2015-02-03","2016-02-03"
1300,"2012-09-10","2013-09-10"
1301,"2012-07-11","2013-07-11"
1302,"2014-05-05","2015-05-05"
1303,"2017-10-27","2018-10-27"
1304,"2014-05-15","2015-05-15"
1305,"2014-05-15","2015-05-15"
1306,"2014-05-15","2015-05-15"
1307,"2012-09-17","2013-09-17"
1308,"2012-05-24","2013-05-24"
1309,"2017-06-06","2018-06-06"
1310,"2012-05-24","2013-05-24"
1312,"2017-04-28","2018-04-28"
1313,"2014-06-26","2015-06-26"
1314,"2017-10-31","2018-10-31"
1315,"2015-04-30","2016-04-29"
1316,"2014-07-14","2015-07-14"
1317,"2014-06-26","2015-06-26"
1318,"2012-02-29","2013-02-28"
1319,"2014-05-15","2015-05-15"
1320,"2017-10-25","2018-10-25"
1321,"2016-08-17","2017-08-17"
1322,"2014-08-05","2015-08-05"
1323,"2014-06-26","2015-06-26"
1324,"2016-08-23","2017-08-23"
1325,"2014-05-19","2015-05-19"
1326,"2014-07-14","2015-07-14"
1327,"2014-07-14","2015-07-14"
1328,"2015-04-30","2016-04-29"
1329,"2013-06-03","2014-06-03"
1330,"2014-06-27","2015-06-27"
1331,"2014-06-27","2015-06-27"
1332,"2014-06-27","2015-06-27"
1333,"2014-05-19","2015-05-19"
1334,"2013-06-20","2014-06-20"
1335,"2012-02-29","2013-02-28"
1336,"2016-01-19","2017-01-18"
1337,"2016-01-19","2017-01-18"
1338,"2014-12-23","2015-12-23"
1339,"2014-08-25","2015-08-25"
1340,"2014-08-25","2015-08-25"
